role,skills
Data Scientist,Python SQL Machine Learning Data Analysis Pandas Statistics
DevOps Engineer,AWS Docker Kubernetes CI CD Automation Linux Cloud
Backend Developer,Java Python SQL APIs Microservices Spring Boot
Frontend Developer,JavaScript HTML CSS React Web Design UI UX
Cloud Architect,AWS Cloud Computing Automation Networking Security Docker
Machine Learning Engineer,Python Machine Learning TensorFlow Deep Learning Data Structures
Database Administrator,SQL Database Management Backup Recovery Indexing Performance Tuning
Mobile App Developer,Java Kotlin Swift Mobile UI Android iOS APIs
Cybersecurity Analyst,Networking Security Encryption Python Penetration Testing
QA Engineer,Testing Automation Python Selenium QA Test Cases CI CD
